{"_step":253,"_wandb":{"runtime":31335},"step":50000,"Loss/t1":0.0020450885629969408,"Loss/t8":0.20103033170813606,"MSE/t15":0.28880878130799714,"val/PSNR":0.9722668052411136,"lr":5e-05,"Loss/t15":0.28880878130799714,"_runtime":31133.692095752,"MSE/t1":0.0020450885629969408,"MSE/t8":0.20103033170813606,"val/SSIM":Infinity,"_timestamp":1.7608290915627594e+09}