{"MSE/t1":0.6242692309456903,"lr":1.99e-06,"Loss/t8":0.6865136056347231,"MSE/t15":0.7296464490619573,"_step":0,"_runtime":195.395259617,"_wandb":{"runtime":220},"Loss/t15":0.7296464490619573,"_timestamp":1.760701789771637e+09,"Loss/t1":0.6242692309456903,"step":200,"MSE/t8":0.6865136056347231}