{"MSE/t15":0.8938402431932363,"Loss/t15":0.8938402431932363,"step":200,"MSE/t1":0.820125131725191,"lr":1.99e-06,"_timestamp":1.760855090561853e+09,"_runtime":113.264731104,"_step":0,"Loss/t1":0.820125131725191,"_wandb":{"runtime":810},"MSE/t8":0.8796360919960832,"Loss/t8":0.8796360919960832}