{"MSE/t1":0.6242692309456903,"lr":1.99e-06,"Loss/t15":0.7296464490619573,"_timestamp":1.7608324371031466e+09,"MSE/t8":0.6865136056347231,"_wandb":{"runtime":559},"Loss/t1":0.6242692309456903,"Loss/t8":0.6865136056347231,"MSE/t15":0.7296464490619573,"step":200,"_runtime":140.687642716,"_step":0}