{"step":200,"_runtime":140.289158315,"Loss/t8":0.6865136056347231,"Loss/t1":0.6242692309456903,"Loss/t15":0.7296464490619573,"lr":1.99e-06,"MSE/t1":0.6242692309456903,"MSE/t8":0.6865136056347231,"MSE/t15":0.7296464490619573,"_step":0,"_timestamp":1.7608320667186708e+09,"_wandb":{"runtime":356}}