{"_runtime":140.118960604,"MSE/t8":0.6865136056347231,"MSE/t1":0.6242692309456903,"Loss/t15":0.7296464490619573,"MSE/t15":0.7296464490619573,"_timestamp":1.760796914520635e+09,"Loss/t8":0.6865136056347231,"Loss/t1":0.6242692309456903,"lr":1.99e-06,"_step":0,"step":200,"_wandb":{"runtime":895}}