{"_timestamp":1.7608305515337675e+09,"_runtime":142.002806114,"Loss/t8":0.6865136056347231,"Loss/t1":0.6242692309456903,"MSE/t8":0.6865136056347231,"step":200,"_step":0,"MSE/t1":0.6242692309456903,"MSE/t15":0.7296464490619573,"lr":1.99e-06,"_wandb":{"runtime":375},"Loss/t15":0.7296464490619573}