{"_wandb":{"runtime":3651},"Loss/t8":0.6865136056347231,"_step":0,"MSE/t8":0.6865136056347231,"Loss/t1":0.6242692309456903,"MSE/t1":0.6242692309456903,"step":200,"_timestamp":1.760783928705997e+09,"Loss/t15":0.7296464490619573,"lr":1.99e-06,"MSE/t15":0.7296464490619573,"_runtime":152.019398933}