{"Loss/t8":0.6865136056347231,"lr":1.99e-06,"_wandb":{"runtime":218},"step":200,"_timestamp":1.7606881171274078e+09,"_runtime":136.357103411,"MSE/t8":0.6865136056347231,"Loss/t15":0.7296464490619573,"_step":0,"MSE/t15":0.7296464490619573,"MSE/t1":0.6242692309456903,"Loss/t1":0.6242692309456903}