{"_timestamp":1.7608317634535007e+09,"Loss/t8":0.6865136056347231,"MSE/t8":0.6865136056347231,"MSE/t1":0.6242692309456903,"Loss/t15":0.7296464490619573,"_runtime":143.10471745,"step":200,"_wandb":{"runtime":223},"MSE/t15":0.7296464490619573,"lr":1.99e-06,"_step":0,"Loss/t1":0.6242692309456903}