{"_wandb":{"runtime":191039},"MSE/t8":0.23650516015438994,"_runtime":191027.150257299,"_step":1529,"Loss/t15":0.3656070548351164,"lr":5e-05,"_timestamp":1.76104908604213e+09,"MSE/t1":0.0017681303626412284,"Loss/t1":0.0017681303626412284,"val/PSNR":29.072812307220318,"step":300000,"Loss/t8":0.23650516015438994,"MSE/t15":0.3656070548351164,"val/SSIM":0.6806935392000182}