{"MSE/t8":0.20632583631033247,"Loss/t15":0.29385981391104615,"val/SSIM":Infinity,"_wandb":{"runtime":14842},"MSE/t15":0.29385981391104615,"val/PSNR":0.972137271303782,"step":20000,"_timestamp":1.7608458362462244e+09,"Loss/t1":0.0024339310117424107,"_step":100,"MSE/t1":0.0024339310117424107,"Loss/t8":0.20632583631033247,"_runtime":12916.786445958,"lr":5e-05}