{"_step":0,"MSE/t1":0.6242692309456903,"MSE/t8":0.6865136056347231,"step":200,"Loss/t1":0.6242692309456903,"Loss/t8":0.6865136056347231,"_timestamp":1.7607020136698632e+09,"_runtime":185.857261645,"_wandb":{"runtime":339},"MSE/t15":0.7296464490619573,"lr":1.99e-06,"Loss/t15":0.7296464490619573}