{"Loss/t1":0.6242692309456903,"MSE/t1":0.6242692309456903,"_step":0,"MSE/t15":0.7296464490619573,"Loss/t8":0.6865136056347231,"step":200,"_runtime":137.347116726,"_wandb":{"runtime":456},"MSE/t8":0.6865136056347231,"lr":1.99e-06,"_timestamp":1.7608300761506724e+09,"Loss/t15":0.7296464490619573}