{"step":200,"MSE/t1":0.6242692309456903,"_wandb":{"runtime":249},"MSE/t15":0.7296464490619573,"_timestamp":1.760797824999916e+09,"_step":0,"Loss/t1":0.6242692309456903,"Loss/t8":0.6865136056347231,"_runtime":140.764845754,"Loss/t15":0.7296464490619573,"MSE/t8":0.6865136056347231,"lr":1.99e-06}