{"Loss/t15":0.7296464490619573,"Loss/t8":0.6865136056347231,"_timestamp":1.760788718568249e+09,"MSE/t1":0.6242692309456903,"MSE/t15":0.7296464490619573,"_runtime":143.138279315,"MSE/t8":0.6865136056347231,"lr":1.99e-06,"step":200,"_step":0,"Loss/t1":0.6242692309456903,"_wandb":{"runtime":224}}