{"Loss/t1":0.6242692309456903,"MSE/t8":0.6865136056347231,"step":200,"Loss/t15":0.7296464490619573,"MSE/t15":0.7296464490619573,"Loss/t8":0.6865136056347231,"_runtime":145.266531579,"_step":0,"lr":1.99e-06,"_wandb":{"runtime":462},"MSE/t1":0.6242692309456903,"_timestamp":1.760831007351397e+09}