{"_timestamp":1.7607199669689324e+09,"Loss/t15":0.3065495856498417,"lr":5e-05,"_step":49,"Loss/t1":0.0033343626097554254,"Loss/t8":0.21357299291318463,"MSE/t1":0.0033343626097554254,"_runtime":7039.306113023,"_wandb":{"runtime":7125},"MSE/t8":0.21357299291318463,"step":10000,"MSE/t15":0.3065495856498417}