{"Loss/t15":0.3065495856498417,"_runtime":5696.953067005,"_step":49,"step":10000,"MSE/t8":0.21357299291318463,"MSE/t1":0.0033343626097554254,"_timestamp":1.7607426744304376e+09,"_wandb":{"runtime":5785},"lr":5e-05,"MSE/t15":0.3065495856498417,"Loss/t1":0.0033343626097554254,"Loss/t8":0.21357299291318463}