{"_runtime":112.721732131,"Loss/t15":0.8938402431932363,"Loss/t1":0.820125131725191,"_wandb":{"runtime":761},"MSE/t8":0.8796360919960832,"_timestamp":1.7608543143987236e+09,"MSE/t1":0.820125131725191,"lr":1.99e-06,"step":200,"_step":0,"Loss/t8":0.8796360919960832,"MSE/t15":0.8938402431932363}