{"_runtime":6834.757594339,"Loss/t1":0.0033343626097554254,"MSE/t15":0.3065495856498417,"lr":5e-05,"_wandb":{"runtime":6923},"_step":49,"step":10000,"Loss/t15":0.3065495856498417,"MSE/t1":0.0033343626097554254,"Loss/t8":0.21357299291318463,"MSE/t8":0.21357299291318463,"_timestamp":1.7607960030202355e+09}