{"Loss/t8":0.6864237753690872,"Loss/t15":0.7293953509493307,"MSE/t8":0.6864237753690872,"_timestamp":1.7607115802117138e+09,"lr":1.99e-06,"MSE/t15":0.7293953509493307,"Loss/t1":0.6241699030270448,"_runtime":802,"step":200,"MSE/t1":0.6241699030270448,"_wandb":{"runtime":802},"_step":0}