{"Loss/t1":0.6242692309456903,"MSE/t15":0.7296464490619573,"_step":0,"_runtime":133.250345892,"MSE/t1":0.6242692309456903,"Loss/t8":0.6865136056347231,"MSE/t8":0.6865136056347231,"Loss/t15":0.7296464490619573,"_wandb":{"runtime":215},"lr":1.99e-06,"_timestamp":1.760796565394323e+09,"step":200}