{"Loss/t15":0.7354781444256122,"_runtime":3754.812764519,"_step":2,"Loss/t8":0.48397517323493955,"_timestamp":1.7608532449357352e+09,"val/PSNR":13.94492214695999,"step":400,"val/SSIM":0.39716245931423294,"MSE/t8":0.48397517323493955,"MSE/t15":0.7354781444256122,"MSE/t1":0.29454005620581036,"_wandb":{"runtime":4590},"lr":3.99e-06,"Loss/t1":0.29454005620581036}