{"Loss/t8":0.6865136056347231,"MSE/t15":0.7296464490619573,"MSE/t1":0.6242692309456903,"MSE/t8":0.6865136056347231,"_wandb":{"runtime":160},"lr":1.99e-06,"Loss/t1":0.6242692309456903,"_step":0,"step":200,"_runtime":137.463952619,"Loss/t15":0.7296464490619573,"_timestamp":1.760712893234533e+09}