{"MSE/t8":0.6865136056347231,"_step":0,"MSE/t1":0.6242692309456903,"step":200,"Loss/t15":0.7296464490619573,"_timestamp":1.760829471643002e+09,"_runtime":149.188035625,"lr":1.99e-06,"_wandb":{"runtime":583},"Loss/t8":0.6865136056347231,"Loss/t1":0.6242692309456903,"MSE/t15":0.7296464490619573}