{"_step":0,"MSE/t15":0.7296464490619573,"lr":1.99e-06,"step":200,"_wandb":{"runtime":209},"Loss/t1":0.6242692309456903,"_runtime":128.443404168,"Loss/t8":0.6865136056347231,"Loss/t15":0.7296464490619573,"MSE/t8":0.6865136056347231,"_timestamp":1.760712130176278e+09,"MSE/t1":0.6242692309456903}