{"_timestamp":1.7607883647164912e+09,"_wandb":{"runtime":336},"MSE/t8":0.6865136056347231,"step":200,"lr":1.99e-06,"_step":0,"MSE/t1":0.6242692309456903,"Loss/t8":0.6865136056347231,"_runtime":138.982379409,"Loss/t1":0.6242692309456903,"Loss/t15":0.7296464490619573,"MSE/t15":0.7296464490619573}