{"lr":1.99e-06,"step":200,"MSE/t15":0.7296464490619573,"MSE/t1":0.6242692309456903,"Loss/t1":0.6242692309456903,"_runtime":143.780769308,"_timestamp":1.7607879898213763e+09,"_wandb":{"runtime":246},"_step":0,"Loss/t15":0.7296464490619573,"Loss/t8":0.6865136056347231,"MSE/t8":0.6865136056347231}