{"lr":3.99e-06,"MSE/t15":0.6300986032200675,"step":400,"_step":2,"MSE/t8":0.40168012738227843,"_timestamp":1.7607067361718338e+09,"Loss/t1":0.18249304386529516,"MSE/t1":0.18249304386529516,"val/LPIPS":0,"val/PSNR":22.659644147259364,"_wandb":{"runtime":6740},"Loss/t8":0.40168012738227843,"Loss/t15":0.6300986032200675,"_runtime":4551.723562883}