{"lr":1.99e-06,"MSE/t1":0.6242692309456903,"_timestamp":1.7607363424060469e+09,"step":200,"_runtime":135.536572286,"_wandb":{"runtime":220},"MSE/t15":0.7296464490619573,"Loss/t1":0.6242692309456903,"Loss/t8":0.6865136056347231,"Loss/t15":0.7296464490619573,"_step":0,"MSE/t8":0.6865136056347231}